step,mean_bits,std_bits
1,8.228818690495881,0.0
2,7.544237622625052,0.14659692300502009
3,7.037724123009617,0.2590662621344787
4,6.619969531722365,0.24136846652009974
5,5.957941807377535,0.2633159541645488
6,5.006339840793291,0.33065066037033
7,4.260281507982717,0.42611870095204196
8,3.4838126189667378,0.4343910438691898
9,2.379106111471695,0.7190131020598274
10,1.0088220835496802,0.6967237435633965
