step,mean_bits,std_bits
1,8.228818690495878,3.613448226613569e-15
2,6.678843258899385,0.9547336549954129
3,5.4887333065551,1.0238836641367182
4,4.501620460394339,0.9452978396043351
5,3.83947755533104,0.8486107918513038
6,3.102564091434898,0.6779503121026057
7,2.4627220014793383,0.5792386651669075
8,1.9219187332094683,0.613710997697053
9,1.1748913532831045,0.3494226746243008
10,0.0,0.0
