step,mean_bits,std_bits
1,8.228818690495878,3.613448226613569e-15
2,6.8762413972512,0.9264344031246992
3,5.4456919781963755,1.0377674501454315
4,4.420032526414727,0.9510330457608197
5,3.7040832854221013,0.9799992203955513
6,2.9155744225757085,0.8756522612425482
7,2.2149444354010157,0.8414307857361337
8,1.2828735511062843,0.6605492640400615
9,0.0,0.0
10,0.0,0.0
