step,mean_bits,std_bits
1,8.228818690495881,0.0
2,7.403064138731298,0.15783666697017482
3,6.798554537622434,0.26764960580337294
4,6.2536510603842155,0.32365864404126904
5,5.388475951717543,0.3071476078840242
6,4.402170642159352,0.4436564995938581
7,3.6348821151503556,0.4395856520384199
8,2.5516511538250866,0.5364600056419563
9,0.0,0.0
10,0.0,0.0
