step,mean_bits,std_bits
1,8.228818690495878,3.613448226613569e-15
2,6.939998931722056,0.9017242407717899
3,5.877230112222473,1.113632218192403
4,5.000836016191305,1.3192255187809767
5,3.936736419678363,1.4356831081424137
6,3.0941553358882854,1.325352606617373
7,2.12001737134198,1.1100527476170945
8,0.0,0.0
9,0.0,0.0
10,0.0,0.0
