step,mean_bits,std_bits
1,8.228819,0.0
2,7.139769,0.1629657630222653
3,6.321928094887363,0.3007942026566414
4,4.807354922057604,0.3947286168082234
5,3.169925001442312,0.3991135729009366
6,2.0,0.5097341640317922
7,0.0,0.0
8,0.0,0.0
9,0.0,0.0
10,0.0,0.0
