step,mean_bits,std_bits
1,8.228818690495881,0.0
2,7.139768640456697,0.16296576302226537
3,6.469189179484863,0.3007942026566414
4,5.717793406026503,0.39472861680822346
5,4.70966223583747,0.39911357290093663
6,3.8977679467209447,0.5097341640317924
7,3.1913690757309063,0.37937933999715656
8,2.1030942676018114,0.6713134037808436
9,0.7364912501682698,0.6515806260115156
10,0.2,0.4068381021724861
