step,mean_bits,std_bits
1,8.228818690495881,0.0
2,7.575442895482124,0.12547036702837658
3,7.252085686070297,0.14312842662972286
4,6.924031859968094,0.21021318926621746
5,6.404746987940491,0.20984999693756248
6,5.843084494830274,0.3574577105048449
7,5.357951886502341,0.3953317009395348
8,4.366287420547518,0.5209548048014426
9,3.461293614810183,0.658861543909197
10,0.0,0.0
