step,mean_bits,std_bits
1,8.228818690495878,3.613448226613569e-15
2,6.589645686732325,0.6797427817897553
3,5.448314022156163,0.8761250487277656
4,4.5242226713123035,0.8221025794120361
5,3.71721296065131,0.6732955685799165
6,3.0411441410654363,0.6321236864186708
7,2.3886312608828244,0.5451244366401551
8,1.761165310017583,0.3729261634511879
9,1.0333333333333334,0.18257418583505525
10,0.0,0.0
