step,mean_bits,std_bits
1,8.228818690495881,0.0
2,6.499341177672236,0.21614683426029296
3,4.613732902859801,0.3562124220714171
4,2.8176361926242097,0.6265330253899708
5,1.5616541669070518,0.4134859867690904
6,0.0,0.0
7,0.0,0.0
8,0.0,0.0
9,0.0,0.0
10,0.0,0.0
