step,mean_bits,std_bits
1,8.228818690495878,3.613448226613569e-15
2,5.914736602211705,0.10099906816517483
3,3.5470681644142905,0.35908839020596195
4,1.424619789827427,0.6560381793311045
5,0.16666666666666666,0.16666666666666666
6,0.0,0.0
7,0.0,0.0
8,0.0,0.0
9,0.0,0.0
10,0.0,0.0
